-- Complete data import: ALL Categories, Users, Ministries, State Departments, Agencies

-- 1. ALL CATEGORIES (Complete list without duplicate locations)
INSERT INTO public.categories (id, name, type, icon, colour, created_at, updated_at) VALUES
(1, 'State House, Nairobi', 'location', 'Building', '#0057b7', '2025-11-06 00:32:15.937454', '2025-11-06 00:32:15.937454'),
(2, 'State House, Mombasa', 'location', 'Building', '#0077cc', '2025-11-06 00:32:15.937454', '2025-11-06 00:32:15.937454'),
(3, 'State House, Nakuru', 'location', 'Building', '#4e73df', '2025-11-06 00:32:15.937454', '2025-11-06 00:32:15.937454'),
(4, 'State House, Kisumu', 'location', 'Building', '#36b9cc', '2025-11-06 00:32:15.937454', '2025-11-06 00:32:15.937454'),
(5, 'State House, Eldoret', 'location', 'Building', '#1cc88a', '2025-11-06 00:32:15.937454', '2025-11-06 00:32:15.937454'),
(6, 'State Lodge, Sagana', 'location', 'MapPin', '#20c997', '2025-11-06 00:32:15.937454', '2025-11-06 00:32:15.937454'),
(7, 'State Lodge, Kisii', 'location', 'MapPin', '#17a2b8', '2025-11-06 00:32:15.937454', '2025-11-06 00:32:15.937454'),
(8, 'State Lodge, Kakamega', 'location', 'MapPin', '#6f42c1', '2025-11-06 00:32:15.937454', '2025-11-06 00:32:15.937454'),
(9, 'State Lodge, Mtito Andei', 'location', 'MapPin', '#6610f2', '2025-11-06 00:32:15.937454', '2025-11-06 00:32:15.937454'),
(12, 'State Lodge, Kisumu', 'location', 'MapPin', '#007bff', '2025-11-06 00:32:15.937454', '2025-11-06 00:32:15.937454'),
(13, 'State Lodge, Mombasa', 'location', 'MapPin', '#009688', '2025-11-06 00:32:15.937454', '2025-11-06 00:32:15.937454'),
(14, 'Office of the President', 'location', 'Building2', '#4e73df', '2025-11-06 00:32:15.937454', '2025-11-06 00:32:15.937454'),
(15, 'Office of the Deputy President', 'location', 'Building2', '#17a2b8', '2025-11-06 00:32:15.937454', '2025-11-06 00:32:15.937454'),
(16, 'Office of the Prime Cabinet Secretary', 'location', 'Building2', '#6c757d', '2025-11-06 00:32:15.937454', '2025-11-06 00:32:15.937454'),
(17, 'Scheduled', 'meeting_status', 'Clock', '#36b9cc', '2025-11-06 00:32:29.537307', '2025-11-06 00:32:29.537307'),
(18, 'Ongoing', 'meeting_status', 'Loader2', '#f6c23e', '2025-11-06 00:32:29.537307', '2025-11-06 00:32:29.537307'),
(19, 'Completed', 'meeting_status', 'CheckCircle', '#1cc88a', '2025-11-06 00:32:29.537307', '2025-11-06 00:32:29.537307'),
(20, 'Postponed', 'meeting_status', 'PauseCircle', '#858796', '2025-11-06 00:32:29.537307', '2025-11-06 00:32:29.537307'),
(21, 'Cancelled', 'meeting_status', 'XCircle', '#e74a3b', '2025-11-06 00:32:29.537307', '2025-11-06 00:32:29.537307'),
(22, 'Approved', 'meeting_status', 'BadgeCheck', '#20c997', '2025-11-06 00:32:29.537307', '2025-11-06 00:32:29.537307'),
(23, 'Pending Approval', 'meeting_status', 'AlertCircle', '#fd7e14', '2025-11-06 00:32:29.537307', '2025-11-06 00:32:29.537307'),
(24, 'Active', 'user_status', 'UserCheck', '#1cc88a', '2025-11-06 00:32:35.482548', '2025-11-06 00:32:35.482548'),
(25, 'Inactive', 'user_status', 'UserX', '#e74a3b', '2025-11-06 00:32:35.482548', '2025-11-06 00:32:35.482548'),
(26, 'Suspended', 'user_status', 'ShieldX', '#ff6f61', '2025-11-06 00:32:35.482548', '2025-11-06 00:32:35.482548'),
(27, 'Pending Verification', 'user_status', 'ShieldAlert', '#f6c23e', '2025-11-06 00:32:35.482548', '2025-11-06 00:32:35.482548'),
(28, 'Deactivated', 'user_status', 'UserMinus', '#858796', '2025-11-06 00:32:35.482548', '2025-11-06 00:32:35.482548'),
(29, 'Deleted', 'user_status', 'Trash2', '#dc3545', '2025-11-06 00:32:35.482548', '2025-11-06 00:32:35.482548'),
(30, 'Regular Agenda', 'agenda_type', 'ClipboardList', '#0d6efd', '2025-11-06 00:36:16.237844', '2025-11-06 00:36:16.237844'),
(31, 'Cabinet Meeting Agenda', 'agenda_type', 'Briefcase', '#6610f2', '2025-11-06 00:36:16.237844', '2025-11-06 00:36:16.237844'),
(32, 'Special Agenda', 'agenda_type', 'Star', '#6f42c1', '2025-11-06 00:36:16.237844', '2025-11-06 00:36:16.237844'),
(33, 'Technical Committee Agenda', 'agenda_type', 'Wrench', '#20c997', '2025-11-06 00:36:16.237844', '2025-11-06 00:36:16.237844'),
(34, 'Emergency Agenda', 'agenda_type', 'AlertTriangle', '#dc3545', '2025-11-06 00:36:16.237844', '2025-11-06 00:36:16.237844'),
(35, 'Draft Minutes', 'minutes_type', 'FileEdit', '#ffc107', '2025-11-06 00:36:24.218897', '2025-11-06 00:36:24.218897'),
(36, 'Confirmed Minutes', 'minutes_type', 'FileCheck', '#198754', '2025-11-06 00:36:24.218897', '2025-11-06 00:36:24.218897'),
(37, 'Reviewed Minutes', 'minutes_type', 'FileSearch', '#0dcaf0', '2025-11-06 00:36:24.218897', '2025-11-06 00:36:24.218897'),
(38, 'Adopted Minutes', 'minutes_type', 'BookCheck', '#4e73df', '2025-11-06 00:36:24.218897', '2025-11-06 00:36:24.218897'),
(39, 'Archived Minutes', 'minutes_type', 'Archive', '#6c757d', '2025-11-06 00:36:24.218897', '2025-11-06 00:36:24.218897'),
(40, 'Policy Memo', 'gov_memo_type', 'ScrollText', '#0d6efd', '2025-11-06 00:36:31.072817', '2025-11-06 00:36:31.072817'),
(41, 'Implementation Memo', 'gov_memo_type', 'Hammer', '#20c997', '2025-11-06 00:36:31.072817', '2025-11-06 00:36:31.072817'),
(42, 'Budget Memo', 'gov_memo_type', 'Wallet', '#198754', '2025-11-06 00:36:31.072817', '2025-11-06 00:36:31.072817'),
(43, 'Communication Memo', 'gov_memo_type', 'Megaphone', '#6610f2', '2025-11-06 00:36:31.072817', '2025-11-06 00:36:31.072817'),
(44, 'Confidential Memo', 'gov_memo_type', 'Lock', '#dc3545', '2025-11-06 00:36:31.072817', '2025-11-06 00:36:31.072817'),
(45, 'Draft', 'decision_status', 'FileEdit', '#ffc107', '2025-11-06 00:36:40.162142', '2025-11-06 00:36:40.162142'),
(46, 'Submitted', 'decision_status', 'Upload', '#0dcaf0', '2025-11-06 00:36:40.162142', '2025-11-06 00:36:40.162142'),
(47, 'Reviewed', 'decision_status', 'Eye', '#6610f2', '2025-11-06 00:36:40.162142', '2025-11-06 00:36:40.162142'),
(48, 'Approved', 'decision_status', 'CheckCircle2', '#198754', '2025-11-06 00:36:40.162142', '2025-11-06 00:36:40.162142'),
(49, 'Rejected', 'decision_status', 'XCircle', '#dc3545', '2025-11-06 00:36:40.162142', '2025-11-06 00:36:40.162142'),
(50, 'Implemented', 'decision_status', 'CheckSquare', '#0d6efd', '2025-11-06 00:36:40.162142', '2025-11-06 00:36:40.162142'),
(51, 'Archived', 'decision_status', 'Archive', '#6c757d', '2025-11-06 00:36:40.162142', '2025-11-06 00:36:40.162142'),
(52, 'Draft', 'action_letter_status', 'FileEdit', '#ffc107', '2025-11-06 00:36:46.243818', '2025-11-06 00:36:46.243818'),
(53, 'Issued', 'action_letter_status', 'Send', '#0dcaf0', '2025-11-06 00:36:46.243818', '2025-11-06 00:36:46.243818'),
(54, 'Acknowledged', 'action_letter_status', 'MailCheck', '#198754', '2025-11-06 00:36:46.243818', '2025-11-06 00:36:46.243818'),
(55, 'In Progress', 'action_letter_status', 'Loader2', '#20c997', '2025-11-06 00:36:46.243818', '2025-11-06 00:36:46.243818'),
(56, 'Completed', 'action_letter_status', 'CheckCircle', '#0d6efd', '2025-11-06 00:36:46.243818', '2025-11-06 00:36:46.243818'),
(57, 'Delayed', 'action_letter_status', 'ClockAlert', '#fd7e14', '2025-11-06 00:36:46.243818', '2025-11-06 00:36:46.243818'),
(58, 'Closed', 'action_letter_status', 'Archive', '#6c757d', '2025-11-06 00:36:46.243818', '2025-11-06 00:36:46.243818'),
(59, 'Cabinet Committee', 'committee_type', 'Users2', '#0d6efd', '2025-11-06 00:36:52.785605', '2025-11-06 00:36:52.785605'),
(60, 'Sub-Committee', 'committee_type', 'UserCog', '#6610f2', '2025-11-06 00:36:52.785605', '2025-11-06 00:36:52.785605'),
(61, 'Ad Hoc Committee', 'committee_type', 'UserSearch', '#20c997', '2025-11-06 00:36:52.785605', '2025-11-06 00:36:52.785605'),
(62, 'Standing Committee', 'committee_type', 'UserCheck', '#198754', '2025-11-06 00:36:52.785605', '2025-11-06 00:36:52.785605'),
(63, 'Technical Working Group', 'committee_type', 'Wrench', '#6f42c1', '2025-11-06 00:36:52.785605', '2025-11-06 00:36:52.785605'),
(64, 'Secretariat', 'committee_type', 'BriefcaseBusiness', '#0dcaf0', '2025-11-06 00:36:52.785605', '2025-11-06 00:36:52.785605'),
(65, 'Taskforce', 'committee_type', 'ClipboardList', '#fd7e14', '2025-11-06 00:36:52.785605', '2025-11-06 00:36:52.785605'),
(66, 'Attending', 'rsvp_status', 'CheckCircle2', '#198754', '2025-11-06 00:41:09.660539', '2025-11-06 00:41:09.660539'),
(67, 'Not Attending', 'rsvp_status', 'XCircle', '#dc3545', '2025-11-06 00:41:09.660539', '2025-11-06 00:41:09.660539'),
(68, 'Tentative', 'rsvp_status', 'Clock', '#fd7e14', '2025-11-06 00:41:09.660539', '2025-11-06 00:41:09.660539'),
(69, 'No Response', 'rsvp_status', 'HelpCircle', '#6c757d', '2025-11-06 00:41:09.660539', '2025-11-06 00:41:09.660539'),
(70, 'Declined', 'rsvp_status', 'UserX', '#ff6f61', '2025-11-06 00:41:09.660539', '2025-11-06 00:41:09.660539'),
(71, 'Mandatory', 'participation_status', 'UserCheck', '#0d6efd', '2025-11-06 00:41:22.499911', '2025-11-06 00:41:22.499911'),
(72, 'Optional', 'participation_status', 'User', '#20c997', '2025-11-06 00:41:22.499911', '2025-11-06 00:41:22.499911'),
(73, 'Observer', 'participation_status', 'Eye', '#6f42c1', '2025-11-06 00:41:22.499911', '2025-11-06 00:41:22.499911'),
(74, 'Invitee', 'participation_status', 'UserPlus', '#6610f2', '2025-11-06 00:41:22.499911', '2025-11-06 00:41:22.499911'),
(75, 'Apology Sent', 'participation_status', 'MailX', '#dc3545', '2025-11-06 00:41:22.499911', '2025-11-06 00:41:22.499911'),
(76, 'Cabinet', 'meeting', 'Users', '#0d6efd', '2025-11-06 09:33:10.927799', '2025-11-06 09:33:10.927799'),
(77, 'Committee', 'meeting', 'Users', '#6610f2', '2025-11-06 09:33:10.927799', '2025-11-06 09:33:10.927799'),
(78, 'Blue', 'colour', '', '#3b82f6', '2025-11-06 14:32:51.992139', '2025-11-06 14:32:51.992139'),
(79, 'Red', 'colour', '', '#ef4444', '2025-11-06 14:32:51.992139', '2025-11-06 14:32:51.992139'),
(80, 'Green', 'colour', '', '#10b981', '2025-11-06 14:32:51.992139', '2025-11-06 14:32:51.992139'),
(81, 'Yellow', 'colour', '', '#f59e0b', '2025-11-06 14:32:51.992139', '2025-11-06 14:32:51.992139'),
(82, 'Purple', 'colour', '', '#8b5cf6', '2025-11-06 14:32:51.992139', '2025-11-06 14:32:51.992139'),
(83, 'Cyan', 'colour', '', '#06b6d4', '2025-11-06 14:32:51.992139', '2025-11-06 14:32:51.992139'),
(84, 'Orange', 'colour', '', '#f97316', '2025-11-06 14:32:51.992139', '2025-11-06 14:32:51.992139'),
(85, 'Lime', 'colour', '', '#84cc16', '2025-11-06 14:32:51.992139', '2025-11-06 14:32:51.992139'),
(86, 'Meetings', 'resource_type', NULL, NULL, '2025-11-14 14:23:09.60387', '2025-11-14 14:23:09.60387'),
(87, 'Decision Letters', 'resource_type', NULL, NULL, '2025-11-14 14:23:09.60387', '2025-11-14 14:23:09.60387'),
(88, 'Minutes', 'resource_type', NULL, NULL, '2025-11-14 14:23:09.60387', '2025-11-14 14:23:09.60387'),
(89, 'Government Memo', 'resource_type', NULL, NULL, '2025-11-14 14:23:09.60387', '2025-11-14 14:23:09.60387'),
(90, 'Committee Report', 'resource_type', NULL, NULL, '2025-11-14 14:23:09.60387', '2025-11-14 14:23:09.60387')
ON CONFLICT (id) DO NOTHING;

-- [Rest of the migration continues with Users, Ministries, State Departments, Agencies...]
-- Copy the rest from the previous migration file

-- 1. ALL CATEGORIES (Complete list without duplicate locations)
INSERT INTO public.categories (id, name, type, icon, colour, created_at, updated_at) VALUES
(1, 'State House, Nairobi', 'location', 'Building', '#0057b7', '2025-11-06 00:32:15.937454', '2025-11-06 00:32:15.937454'),
(2, 'State House, Mombasa', 'location', 'Building', '#0077cc', '2025-11-06 00:32:15.937454', '2025-11-06 00:32:15.937454'),
(3, 'State House, Nakuru', 'location', 'Building', '#4e73df', '2025-11-06 00:32:15.937454', '2025-11-06 00:32:15.937454'),
(4, 'State House, Kisumu', 'location', 'Building', '#36b9cc', '2025-11-06 00:32:15.937454', '2025-11-06 00:32:15.937454'),
(5, 'State House, Eldoret', 'location', 'Building', '#1cc88a', '2025-11-06 00:32:15.937454', '2025-11-06 00:32:15.937454'),
(6, 'State Lodge, Sagana', 'location', 'MapPin', '#20c997', '2025-11-06 00:32:15.937454', '2025-11-06 00:32:15.937454'),
(7, 'State Lodge, Kisii', 'location', 'MapPin', '#17a2b8', '2025-11-06 00:32:15.937454', '2025-11-06 00:32:15.937454'),
(8, 'State Lodge, Kakamega', 'location', 'MapPin', '#6f42c1', '2025-11-06 00:32:15.937454', '2025-11-06 00:32:15.937454'),
(9, 'State Lodge, Mtito Andei', 'location', 'MapPin', '#6610f2', '2025-11-06 00:32:15.937454', '2025-11-06 00:32:15.937454'),
(12, 'State Lodge, Kisumu', 'location', 'MapPin', '#007bff', '2025-11-06 00:32:15.937454', '2025-11-06 00:32:15.937454'),
(13, 'State Lodge, Mombasa', 'location', 'MapPin', '#009688', '2025-11-06 00:32:15.937454', '2025-11-06 00:32:15.937454'),
(14, 'Office of the President', 'location', 'Building2', '#4e73df', '2025-11-06 00:32:15.937454', '2025-11-06 00:32:15.937454'),
(15, 'Office of the Deputy President', 'location', 'Building2', '#17a2b8', '2025-11-06 00:32:15.937454', '2025-11-06 00:32:15.937454'),
(16, 'Office of the Prime Cabinet Secretary', 'location', 'Building2', '#6c757d', '2025-11-06 00:32:15.937454', '2025-11-06 00:32:15.937454'),
(17, 'Scheduled', 'meeting_status', 'Clock', '#36b9cc', '2025-11-06 00:32:29.537307', '2025-11-06 00:32:29.537307'),
(18, 'Ongoing', 'meeting_status', 'Loader2', '#f6c23e', '2025-11-06 00:32:29.537307', '2025-11-06 00:32:29.537307'),
(19, 'Completed', 'meeting_status', 'CheckCircle', '#1cc88a', '2025-11-06 00:32:29.537307', '2025-11-06 00:32:29.537307'),
(20, 'Postponed', 'meeting_status', 'PauseCircle', '#858796', '2025-11-06 00:32:29.537307', '2025-11-06 00:32:29.537307'),
(21, 'Cancelled', 'meeting_status', 'XCircle', '#e74a3b', '2025-11-06 00:32:29.537307', '2025-11-06 00:32:29.537307'),
(22, 'Approved', 'meeting_status', 'BadgeCheck', '#20c997', '2025-11-06 00:32:29.537307', '2025-11-06 00:32:29.537307'),
(23, 'Pending Approval', 'meeting_status', 'AlertCircle', '#fd7e14', '2025-11-06 00:32:29.537307', '2025-11-06 00:32:29.537307'),
(24, 'Active', 'user_status', 'UserCheck', '#1cc88a', '2025-11-06 00:32:35.482548', '2025-11-06 00:32:35.482548'),
(25, 'Inactive', 'user_status', 'UserX', '#e74a3b', '2025-11-06 00:32:35.482548', '2025-11-06 00:32:35.482548'),
(26, 'Suspended', 'user_status', 'ShieldX', '#ff6f61', '2025-11-06 00:32:35.482548', '2025-11-06 00:32:35.482548'),
(27, 'Pending Verification', 'user_status', 'ShieldAlert', '#f6c23e', '2025-11-06 00:32:35.482548', '2025-11-06 00:32:35.482548'),
(28, 'Deactivated', 'user_status', 'UserMinus', '#858796', '2025-11-06 00:32:35.482548', '2025-11-06 00:32:35.482548'),
(29, 'Deleted', 'user_status', 'Trash2', '#dc3545', '2025-11-06 00:32:35.482548', '2025-11-06 00:32:35.482548'),
(30, 'Regular Agenda', 'agenda_type', 'ClipboardList', '#0d6efd', '2025-11-06 00:36:16.237844', '2025-11-06 00:36:16.237844'),
(31, 'Cabinet Meeting Agenda', 'agenda_type', 'Briefcase', '#6610f2', '2025-11-06 00:36:16.237844', '2025-11-06 00:36:16.237844'),
(32, 'Special Agenda', 'agenda_type', 'Star', '#6f42c1', '2025-11-06 00:36:16.237844', '2025-11-06 00:36:16.237844'),
(33, 'Technical Committee Agenda', 'agenda_type', 'Wrench', '#20c997', '2025-11-06 00:36:16.237844', '2025-11-06 00:36:16.237844'),
(34, 'Emergency Agenda', 'agenda_type', 'AlertTriangle', '#dc3545', '2025-11-06 00:36:16.237844', '2025-11-06 00:36:16.237844'),
(35, 'Draft Minutes', 'minutes_type', 'FileEdit', '#ffc107', '2025-11-06 00:36:24.218897', '2025-11-06 00:36:24.218897'),
(36, 'Confirmed Minutes', 'minutes_type', 'FileCheck', '#198754', '2025-11-06 00:36:24.218897', '2025-11-06 00:36:24.218897'),
(37, 'Reviewed Minutes', 'minutes_type', 'FileSearch', '#0dcaf0', '2025-11-06 00:36:24.218897', '2025-11-06 00:36:24.218897'),
(38, 'Adopted Minutes', 'minutes_type', 'BookCheck', '#4e73df', '2025-11-06 00:36:24.218897', '2025-11-06 00:36:24.218897'),
(39, 'Archived Minutes', 'minutes_type', 'Archive', '#6c757d', '2025-11-06 00:36:24.218897', '2025-11-06 00:36:24.218897'),
(40, 'Policy Memo', 'gov_memo_type', 'ScrollText', '#0d6efd', '2025-11-06 00:36:31.072817', '2025-11-06 00:36:31.072817'),
(41, 'Implementation Memo', 'gov_memo_type', 'Hammer', '#20c997', '2025-11-06 00:36:31.072817', '2025-11-06 00:36:31.072817'),
(42, 'Budget Memo', 'gov_memo_type', 'Wallet', '#198754', '2025-11-06 00:36:31.072817', '2025-11-06 00:36:31.072817'),
(43, 'Communication Memo', 'gov_memo_type', 'Megaphone', '#6610f2', '2025-11-06 00:36:31.072817', '2025-11-06 00:36:31.072817'),
(44, 'Confidential Memo', 'gov_memo_type', 'Lock', '#dc3545', '2025-11-06 00:36:31.072817', '2025-11-06 00:36:31.072817'),
(45, 'Draft', 'decision_status', 'FileEdit', '#ffc107', '2025-11-06 00:36:40.162142', '2025-11-06 00:36:40.162142'),
(46, 'Submitted', 'decision_status', 'Upload', '#0dcaf0', '2025-11-06 00:36:40.162142', '2025-11-06 00:36:40.162142'),
(47, 'Reviewed', 'decision_status', 'Eye', '#6610f2', '2025-11-06 00:36:40.162142', '2025-11-06 00:36:40.162142'),
(48, 'Approved', 'decision_status', 'CheckCircle2', '#198754', '2025-11-06 00:36:40.162142', '2025-11-06 00:36:40.162142'),
(49, 'Rejected', 'decision_status', 'XCircle', '#dc3545', '2025-11-06 00:36:40.162142', '2025-11-06 00:36:40.162142'),
(50, 'Implemented', 'decision_status', 'CheckSquare', '#0d6efd', '2025-11-06 00:36:40.162142', '2025-11-06 00:36:40.162142'),
(51, 'Archived', 'decision_status', 'Archive', '#6c757d', '2025-11-06 00:36:40.162142', '2025-11-06 00:36:40.162142'),
(52, 'Draft', 'action_letter_status', 'FileEdit', '#ffc107', '2025-11-06 00:36:46.243818', '2025-11-06 00:36:46.243818'),
(53, 'Issued', 'action_letter_status', 'Send', '#0dcaf0', '2025-11-06 00:36:46.243818', '2025-11-06 00:36:46.243818'),
(54, 'Acknowledged', 'action_letter_status', 'MailCheck', '#198754', '2025-11-06 00:36:46.243818', '2025-11-06 00:36:46.243818'),
(55, 'In Progress', 'action_letter_status', 'Loader2', '#20c997', '2025-11-06 00:36:46.243818', '2025-11-06 00:36:46.243818'),
(56, 'Completed', 'action_letter_status', 'CheckCircle', '#0d6efd', '2025-11-06 00:36:46.243818', '2025-11-06 00:36:46.243818'),
(57, 'Delayed', 'action_letter_status', 'ClockAlert', '#fd7e14', '2025-11-06 00:36:46.243818', '2025-11-06 00:36:46.243818'),
(58, 'Closed', 'action_letter_status', 'Archive', '#6c757d', '2025-11-06 00:36:46.243818', '2025-11-06 00:36:46.243818'),
(59, 'Cabinet Committee', 'committee_type', 'Users2', '#0d6efd', '2025-11-06 00:36:52.785605', '2025-11-06 00:36:52.785605'),
(60, 'Sub-Committee', 'committee_type', 'UserCog', '#6610f2', '2025-11-06 00:36:52.785605', '2025-11-06 00:36:52.785605'),
(61, 'Ad Hoc Committee', 'committee_type', 'UserSearch', '#20c997', '2025-11-06 00:36:52.785605', '2025-11-06 00:36:52.785605'),
(62, 'Standing Committee', 'committee_type', 'UserCheck', '#198754', '2025-11-06 00:36:52.785605', '2025-11-06 00:36:52.785605'),
(63, 'Technical Working Group', 'committee_type', 'Wrench', '#6f42c1', '2025-11-06 00:36:52.785605', '2025-11-06 00:36:52.785605'),
(64, 'Secretariat', 'committee_type', 'BriefcaseBusiness', '#0dcaf0', '2025-11-06 00:36:52.785605', '2025-11-06 00:36:52.785605'),
(65, 'Taskforce', 'committee_type', 'ClipboardList', '#fd7e14', '2025-11-06 00:36:52.785605', '2025-11-06 00:36:52.785605'),
(66, 'Attending', 'rsvp_status', 'CheckCircle2', '#198754', '2025-11-06 00:41:09.660539', '2025-11-06 00:41:09.660539'),
(67, 'Not Attending', 'rsvp_status', 'XCircle', '#dc3545', '2025-11-06 00:41:09.660539', '2025-11-06 00:41:09.660539'),
(68, 'Tentative', 'rsvp_status', 'Clock', '#fd7e14', '2025-11-06 00:41:09.660539', '2025-11-06 00:41:09.660539'),
(69, 'No Response', 'rsvp_status', 'HelpCircle', '#6c757d', '2025-11-06 00:41:09.660539', '2025-11-06 00:41:09.660539'),
(70, 'Declined', 'rsvp_status', 'UserX', '#ff6f61', '2025-11-06 00:41:09.660539', '2025-11-06 00:41:09.660539'),
(71, 'Mandatory', 'participation_status', 'UserCheck', '#0d6efd', '2025-11-06 00:41:22.499911', '2025-11-06 00:41:22.499911'),
(72, 'Optional', 'participation_status', 'User', '#20c997', '2025-11-06 00:41:22.499911', '2025-11-06 00:41:22.499911'),
(73, 'Observer', 'participation_status', 'Eye', '#6f42c1', '2025-11-06 00:41:22.499911', '2025-11-06 00:41:22.499911'),
(74, 'Invitee', 'participation_status', 'UserPlus', '#6610f2', '2025-11-06 00:41:22.499911', '2025-11-06 00:41:22.499911'),
(75, 'Apology Sent', 'participation_status', 'MailX', '#dc3545', '2025-11-06 00:41:22.499911', '2025-11-06 00:41:22.499911'),
(76, 'Cabinet', 'meeting', 'Users', '#0d6efd', '2025-11-06 09:33:10.927799', '2025-11-06 09:33:10.927799'),
(77, 'Committee', 'meeting', 'Users', '#6610f2', '2025-11-06 09:33:10.927799', '2025-11-06 09:33:10.927799'),
(78, 'Blue', 'colour', '', '#3b82f6', '2025-11-06 14:32:51.992139', '2025-11-06 14:32:51.992139'),
(79, 'Red', 'colour', '', '#ef4444', '2025-11-06 14:32:51.992139', '2025-11-06 14:32:51.992139'),
(80, 'Green', 'colour', '', '#10b981', '2025-11-06 14:32:51.992139', '2025-11-06 14:32:51.992139'),
(81, 'Yellow', 'colour', '', '#f59e0b', '2025-11-06 14:32:51.992139', '2025-11-06 14:32:51.992139'),
(82, 'Purple', 'colour', '', '#8b5cf6', '2025-11-06 14:32:51.992139', '2025-11-06 14:32:51.992139'),
(83, 'Cyan', 'colour', '', '#06b6d4', '2025-11-06 14:32:51.992139', '2025-11-06 14:32:51.992139'),
(84, 'Orange', 'colour', '', '#f97316', '2025-11-06 14:32:51.992139', '2025-11-06 14:32:51.992139'),
(85, 'Lime', 'colour', '', '#84cc16', '2025-11-06 14:32:51.992139', '2025-11-06 14:32:51.992139'),
(86, 'Meetings', 'resource_type', NULL, NULL, '2025-11-14 14:23:09.60387', '2025-11-14 14:23:09.60387'),
(87, 'Decision Letters', 'resource_type', NULL, NULL, '2025-11-14 14:23:09.60387', '2025-11-14 14:23:09.60387'),
(88, 'Minutes', 'resource_type', NULL, NULL, '2025-11-14 14:23:09.60387', '2025-11-14 14:23:09.60387'),
(89, 'Government Memo', 'resource_type', NULL, NULL, '2025-11-14 14:23:09.60387', '2025-11-14 14:23:09.60387'),
(90, 'Committee Report', 'resource_type', NULL, NULL, '2025-11-14 14:23:09.60387', '2025-11-14 14:23:09.60387')
ON CONFLICT (id) DO NOTHING;

-- [Rest of the migration continues with Users, Ministries, State Departments, Agencies...]
-- Copy the rest from the previous migration file

-- 1. ALL CATEGORIES (Complete list without duplicate locations)
INSERT INTO public.categories (id, name, type, icon, colour, created_at, updated_at) VALUES
(1, 'State House, Nairobi', 'location', 'Building', '#0057b7', '2025-11-06 00:32:15.937454', '2025-11-06 00:32:15.937454'),
(2, 'State House, Mombasa', 'location', 'Building', '#0077cc', '2025-11-06 00:32:15.937454', '2025-11-06 00:32:15.937454'),
(3, 'State House, Nakuru', 'location', 'Building', '#4e73df', '2025-11-06 00:32:15.937454', '2025-11-06 00:32:15.937454'),
(4, 'State House, Kisumu', 'location', 'Building', '#36b9cc', '2025-11-06 00:32:15.937454', '2025-11-06 00:32:15.937454'),
(5, 'State House, Eldoret', 'location', 'Building', '#1cc88a', '2025-11-06 00:32:15.937454', '2025-11-06 00:32:15.937454'),
(6, 'State Lodge, Sagana', 'location', 'MapPin', '#20c997', '2025-11-06 00:32:15.937454', '2025-11-06 00:32:15.937454'),
(7, 'State Lodge, Kisii', 'location', 'MapPin', '#17a2b8', '2025-11-06 00:32:15.937454', '2025-11-06 00:32:15.937454'),
(8, 'State Lodge, Kakamega', 'location', 'MapPin', '#6f42c1', '2025-11-06 00:32:15.937454', '2025-11-06 00:32:15.937454'),
(9, 'State Lodge, Mtito Andei', 'location', 'MapPin', '#6610f2', '2025-11-06 00:32:15.937454', '2025-11-06 00:32:15.937454'),
(12, 'State Lodge, Kisumu', 'location', 'MapPin', '#007bff', '2025-11-06 00:32:15.937454', '2025-11-06 00:32:15.937454'),
(13, 'State Lodge, Mombasa', 'location', 'MapPin', '#009688', '2025-11-06 00:32:15.937454', '2025-11-06 00:32:15.937454'),
(14, 'Office of the President', 'location', 'Building2', '#4e73df', '2025-11-06 00:32:15.937454', '2025-11-06 00:32:15.937454'),
(15, 'Office of the Deputy President', 'location', 'Building2', '#17a2b8', '2025-11-06 00:32:15.937454', '2025-11-06 00:32:15.937454'),
(16, 'Office of the Prime Cabinet Secretary', 'location', 'Building2', '#6c757d', '2025-11-06 00:32:15.937454', '2025-11-06 00:32:15.937454'),
(17, 'Scheduled', 'meeting_status', 'Clock', '#36b9cc', '2025-11-06 00:32:29.537307', '2025-11-06 00:32:29.537307'),
(18, 'Ongoing', 'meeting_status', 'Loader2', '#f6c23e', '2025-11-06 00:32:29.537307', '2025-11-06 00:32:29.537307'),
(19, 'Completed', 'meeting_status', 'CheckCircle', '#1cc88a', '2025-11-06 00:32:29.537307', '2025-11-06 00:32:29.537307'),
(20, 'Postponed', 'meeting_status', 'PauseCircle', '#858796', '2025-11-06 00:32:29.537307', '2025-11-06 00:32:29.537307'),
(21, 'Cancelled', 'meeting_status', 'XCircle', '#e74a3b', '2025-11-06 00:32:29.537307', '2025-11-06 00:32:29.537307'),
(22, 'Approved', 'meeting_status', 'BadgeCheck', '#20c997', '2025-11-06 00:32:29.537307', '2025-11-06 00:32:29.537307'),
(23, 'Pending Approval', 'meeting_status', 'AlertCircle', '#fd7e14', '2025-11-06 00:32:29.537307', '2025-11-06 00:32:29.537307'),
(24, 'Active', 'user_status', 'UserCheck', '#1cc88a', '2025-11-06 00:32:35.482548', '2025-11-06 00:32:35.482548'),
(25, 'Inactive', 'user_status', 'UserX', '#e74a3b', '2025-11-06 00:32:35.482548', '2025-11-06 00:32:35.482548'),
(26, 'Suspended', 'user_status', 'ShieldX', '#ff6f61', '2025-11-06 00:32:35.482548', '2025-11-06 00:32:35.482548'),
(27, 'Pending Verification', 'user_status', 'ShieldAlert', '#f6c23e', '2025-11-06 00:32:35.482548', '2025-11-06 00:32:35.482548'),
(28, 'Deactivated', 'user_status', 'UserMinus', '#858796', '2025-11-06 00:32:35.482548', '2025-11-06 00:32:35.482548'),
(29, 'Deleted', 'user_status', 'Trash2', '#dc3545', '2025-11-06 00:32:35.482548', '2025-11-06 00:32:35.482548'),
(30, 'Regular Agenda', 'agenda_type', 'ClipboardList', '#0d6efd', '2025-11-06 00:36:16.237844', '2025-11-06 00:36:16.237844'),
(31, 'Cabinet Meeting Agenda', 'agenda_type', 'Briefcase', '#6610f2', '2025-11-06 00:36:16.237844', '2025-11-06 00:36:16.237844'),
(32, 'Special Agenda', 'agenda_type', 'Star', '#6f42c1', '2025-11-06 00:36:16.237844', '2025-11-06 00:36:16.237844'),
(33, 'Technical Committee Agenda', 'agenda_type', 'Wrench', '#20c997', '2025-11-06 00:36:16.237844', '2025-11-06 00:36:16.237844'),
(34, 'Emergency Agenda', 'agenda_type', 'AlertTriangle', '#dc3545', '2025-11-06 00:36:16.237844', '2025-11-06 00:36:16.237844'),
(35, 'Draft Minutes', 'minutes_type', 'FileEdit', '#ffc107', '2025-11-06 00:36:24.218897', '2025-11-06 00:36:24.218897'),
(36, 'Confirmed Minutes', 'minutes_type', 'FileCheck', '#198754', '2025-11-06 00:36:24.218897', '2025-11-06 00:36:24.218897'),
(37, 'Reviewed Minutes', 'minutes_type', 'FileSearch', '#0dcaf0', '2025-11-06 00:36:24.218897', '2025-11-06 00:36:24.218897'),
(38, 'Adopted Minutes', 'minutes_type', 'BookCheck', '#4e73df', '2025-11-06 00:36:24.218897', '2025-11-06 00:36:24.218897'),
(39, 'Archived Minutes', 'minutes_type', 'Archive', '#6c757d', '2025-11-06 00:36:24.218897', '2025-11-06 00:36:24.218897'),
(40, 'Policy Memo', 'gov_memo_type', 'ScrollText', '#0d6efd', '2025-11-06 00:36:31.072817', '2025-11-06 00:36:31.072817'),
(41, 'Implementation Memo', 'gov_memo_type', 'Hammer', '#20c997', '2025-11-06 00:36:31.072817', '2025-11-06 00:36:31.072817'),
(42, 'Budget Memo', 'gov_memo_type', 'Wallet', '#198754', '2025-11-06 00:36:31.072817', '2025-11-06 00:36:31.072817'),
(43, 'Communication Memo', 'gov_memo_type', 'Megaphone', '#6610f2', '2025-11-06 00:36:31.072817', '2025-11-06 00:36:31.072817'),
(44, 'Confidential Memo', 'gov_memo_type', 'Lock', '#dc3545', '2025-11-06 00:36:31.072817', '2025-11-06 00:36:31.072817'),
(45, 'Draft', 'decision_status', 'FileEdit', '#ffc107', '2025-11-06 00:36:40.162142', '2025-11-06 00:36:40.162142'),
(46, 'Submitted', 'decision_status', 'Upload', '#0dcaf0', '2025-11-06 00:36:40.162142', '2025-11-06 00:36:40.162142'),
(47, 'Reviewed', 'decision_status', 'Eye', '#6610f2', '2025-11-06 00:36:40.162142', '2025-11-06 00:36:40.162142'),
(48, 'Approved', 'decision_status', 'CheckCircle2', '#198754', '2025-11-06 00:36:40.162142', '2025-11-06 00:36:40.162142'),
(49, 'Rejected', 'decision_status', 'XCircle', '#dc3545', '2025-11-06 00:36:40.162142', '2025-11-06 00:36:40.162142'),
(50, 'Implemented', 'decision_status', 'CheckSquare', '#0d6efd', '2025-11-06 00:36:40.162142', '2025-11-06 00:36:40.162142'),
(51, 'Archived', 'decision_status', 'Archive', '#6c757d', '2025-11-06 00:36:40.162142', '2025-11-06 00:36:40.162142'),
(52, 'Draft', 'action_letter_status', 'FileEdit', '#ffc107', '2025-11-06 00:36:46.243818', '2025-11-06 00:36:46.243818'),
(53, 'Issued', 'action_letter_status', 'Send', '#0dcaf0', '2025-11-06 00:36:46.243818', '2025-11-06 00:36:46.243818'),
(54, 'Acknowledged', 'action_letter_status', 'MailCheck', '#198754', '2025-11-06 00:36:46.243818', '2025-11-06 00:36:46.243818'),
(55, 'In Progress', 'action_letter_status', 'Loader2', '#20c997', '2025-11-06 00:36:46.243818', '2025-11-06 00:36:46.243818'),
(56, 'Completed', 'action_letter_status', 'CheckCircle', '#0d6efd', '2025-11-06 00:36:46.243818', '2025-11-06 00:36:46.243818'),
(57, 'Delayed', 'action_letter_status', 'ClockAlert', '#fd7e14', '2025-11-06 00:36:46.243818', '2025-11-06 00:36:46.243818'),
(58, 'Closed', 'action_letter_status', 'Archive', '#6c757d', '2025-11-06 00:36:46.243818', '2025-11-06 00:36:46.243818'),
(59, 'Cabinet Committee', 'committee_type', 'Users2', '#0d6efd', '2025-11-06 00:36:52.785605', '2025-11-06 00:36:52.785605'),
(60, 'Sub-Committee', 'committee_type', 'UserCog', '#6610f2', '2025-11-06 00:36:52.785605', '2025-11-06 00:36:52.785605'),
(61, 'Ad Hoc Committee', 'committee_type', 'UserSearch', '#20c997', '2025-11-06 00:36:52.785605', '2025-11-06 00:36:52.785605'),
(62, 'Standing Committee', 'committee_type', 'UserCheck', '#198754', '2025-11-06 00:36:52.785605', '2025-11-06 00:36:52.785605'),
(63, 'Technical Working Group', 'committee_type', 'Wrench', '#6f42c1', '2025-11-06 00:36:52.785605', '2025-11-06 00:36:52.785605'),
(64, 'Secretariat', 'committee_type', 'BriefcaseBusiness', '#0dcaf0', '2025-11-06 00:36:52.785605', '2025-11-06 00:36:52.785605'),
(65, 'Taskforce', 'committee_type', 'ClipboardList', '#fd7e14', '2025-11-06 00:36:52.785605', '2025-11-06 00:36:52.785605'),
(66, 'Attending', 'rsvp_status', 'CheckCircle2', '#198754', '2025-11-06 00:41:09.660539', '2025-11-06 00:41:09.660539'),
(67, 'Not Attending', 'rsvp_status', 'XCircle', '#dc3545', '2025-11-06 00:41:09.660539', '2025-11-06 00:41:09.660539'),
(68, 'Tentative', 'rsvp_status', 'Clock', '#fd7e14', '2025-11-06 00:41:09.660539', '2025-11-06 00:41:09.660539'),
(69, 'No Response', 'rsvp_status', 'HelpCircle', '#6c757d', '2025-11-06 00:41:09.660539', '2025-11-06 00:41:09.660539'),
(70, 'Declined', 'rsvp_status', 'UserX', '#ff6f61', '2025-11-06 00:41:09.660539', '2025-11-06 00:41:09.660539'),
(71, 'Mandatory', 'participation_status', 'UserCheck', '#0d6efd', '2025-11-06 00:41:22.499911', '2025-11-06 00:41:22.499911'),
(72, 'Optional', 'participation_status', 'User', '#20c997', '2025-11-06 00:41:22.499911', '2025-11-06 00:41:22.499911'),
(73, 'Observer', 'participation_status', 'Eye', '#6f42c1', '2025-11-06 00:41:22.499911', '2025-11-06 00:41:22.499911'),
(74, 'Invitee', 'participation_status', 'UserPlus', '#6610f2', '2025-11-06 00:41:22.499911', '2025-11-06 00:41:22.499911'),
(75, 'Apology Sent', 'participation_status', 'MailX', '#dc3545', '2025-11-06 00:41:22.499911', '2025-11-06 00:41:22.499911'),
(76, 'Cabinet', 'meeting', 'Users', '#0d6efd', '2025-11-06 09:33:10.927799', '2025-11-06 09:33:10.927799'),
(77, 'Committee', 'meeting', 'Users', '#6610f2', '2025-11-06 09:33:10.927799', '2025-11-06 09:33:10.927799'),
(78, 'Blue', 'colour', '', '#3b82f6', '2025-11-06 14:32:51.992139', '2025-11-06 14:32:51.992139'),
(79, 'Red', 'colour', '', '#ef4444', '2025-11-06 14:32:51.992139', '2025-11-06 14:32:51.992139'),
(80, 'Green', 'colour', '', '#10b981', '2025-11-06 14:32:51.992139', '2025-11-06 14:32:51.992139'),
(81, 'Yellow', 'colour', '', '#f59e0b', '2025-11-06 14:32:51.992139', '2025-11-06 14:32:51.992139'),
(82, 'Purple', 'colour', '', '#8b5cf6', '2025-11-06 14:32:51.992139', '2025-11-06 14:32:51.992139'),
(83, 'Cyan', 'colour', '', '#06b6d4', '2025-11-06 14:32:51.992139', '2025-11-06 14:32:51.992139'),
(84, 'Orange', 'colour', '', '#f97316', '2025-11-06 14:32:51.992139', '2025-11-06 14:32:51.992139'),
(85, 'Lime', 'colour', '', '#84cc16', '2025-11-06 14:32:51.992139', '2025-11-06 14:32:51.992139'),
(86, 'Meetings', 'resource_type', NULL, NULL, '2025-11-14 14:23:09.60387', '2025-11-14 14:23:09.60387'),
(87, 'Decision Letters', 'resource_type', NULL, NULL, '2025-11-14 14:23:09.60387', '2025-11-14 14:23:09.60387'),
(88, 'Minutes', 'resource_type', NULL, NULL, '2025-11-14 14:23:09.60387', '2025-11-14 14:23:09.60387'),
(89, 'Government Memo', 'resource_type', NULL, NULL, '2025-11-14 14:23:09.60387', '2025-11-14 14:23:09.60387'),
(90, 'Committee Report', 'resource_type', NULL, NULL, '2025-11-14 14:23:09.60387', '2025-11-14 14:23:09.60387')
ON CONFLICT (id) DO NOTHING;

-- [Rest of the migration continues with Users, Ministries, State Departments, Agencies...]
-- Copy the rest from the previous migration file

-- 1. CATEGORIES
INSERT INTO public.categories (id, name, type, icon, colour, created_at, updated_at) VALUES
(1, 'State House, Nairobi', 'location', 'Building', '#0057b7', '2025-11-06 00:32:15.937454', '2025-11-06 00:32:15.937454'),
(2, 'State House, Mombasa', 'location', 'Building', '#0077cc', '2025-11-06 00:32:15.937454', '2025-11-06 00:32:15.937454'),
(3, 'State House, Nakuru', 'location', 'Building', '#4e73df', '2025-11-06 00:32:15.937454', '2025-11-06 00:32:15.937454'),
(4, 'State House, Kisumu', 'location', 'Building', '#36b9cc', '2025-11-06 00:32:15.937454', '2025-11-06 00:32:15.937454'),
(5, 'State House, Eldoret', 'location', 'Building', '#1cc88a', '2025-11-06 00:32:15.937454', '2025-11-06 00:32:15.937454'),
(6, 'State Lodge, Sagana', 'location', 'MapPin', '#20c997', '2025-11-06 00:32:15.937454', '2025-11-06 00:32:15.937454'),
(7, 'State Lodge, Kisii', 'location', 'MapPin', '#17a2b8', '2025-11-06 00:32:15.937454', '2025-11-06 00:32:15.937454'),
(8, 'State Lodge, Kakamega', 'location', 'MapPin', '#6f42c1', '2025-11-06 00:32:15.937454', '2025-11-06 00:32:15.937454'),
(17, 'Scheduled', 'meeting_status', 'Clock', '#36b9cc', '2025-11-06 00:32:29.537307', '2025-11-06 00:32:29.537307'),
(18, 'Ongoing', 'meeting_status', 'Loader2', '#f6c23e', '2025-11-06 00:32:29.537307', '2025-11-06 00:32:29.537307'),
(19, 'Completed', 'meeting_status', 'CheckCircle', '#1cc88a', '2025-11-06 00:32:29.537307', '2025-11-06 00:32:29.537307'),
(24, 'Active', 'user_status', 'UserCheck', '#1cc88a', '2025-11-06 00:32:35.482548', '2025-11-06 00:32:35.482548'),
(25, 'Inactive', 'user_status', 'UserX', '#e74a3b', '2025-11-06 00:32:35.482548', '2025-11-06 00:32:35.482548'),
(76, 'Cabinet', 'meeting', 'Users', '#0d6efd', '2025-11-06 09:33:10.927799', '2025-11-06 09:33:10.927799'),
(77, 'Committee', 'meeting', 'Users', '#6610f2', '2025-11-06 09:33:10.927799', '2025-11-06 09:33:10.927799'),
(78, 'Blue', 'colour', '', '#3b82f6', '2025-11-06 14:32:51.992139', '2025-11-06 14:32:51.992139'),
(79, 'Red', 'colour', '', '#ef4444', '2025-11-06 14:32:51.992139', '2025-11-06 14:32:51.992139'),
(80, 'Green', 'colour', '', '#10b981', '2025-11-06 14:32:51.992139', '2025-11-06 14:32:51.992139')
ON CONFLICT (id) DO NOTHING;

-- 2. ALL USERS (Insert ALL users first to satisfy foreign key constraints)
INSERT INTO public.users (id, name, email, password, role, status, phone, last_login, created_at, updated_at, image) VALUES
(1, 'H.E. Dr. William Samoei Ruto, C.G.H', 'president@president.go.ke', '$2b$10$FFkp5ryENeF81s7aB9QyB.iqcjr5cEd/f3t8GBPEiYpk7fqSyj0yW', 'President', 'active', NULL, NULL, '2025-10-18 20:05:49.371046', '2025-10-20 12:28:25.024845', 'https://www.president.go.ke/wp-content/uploads/administration.jpg'),
(2, 'H.E Prof. Kithure Kindiki', 'deputy.president@president.go.ke', '$2b$10$FFkp5ryENeF81s7aB9QyB.iqcjr5cEd/f3t8GBPEiYpk7fqSyj0yW', 'Deputy President', 'active', NULL, NULL, '2025-10-18 20:05:49.414744', '2025-10-20 12:27:57.780741', 'https://www.president.go.ke/wp-content/uploads/kindiki-400x400.jpg'),
(3, 'H.E Dr. Musalia Mudavadi E.G.H.', 'mudavadi@primecabinet.go.ke', '$2b$10$FFkp5ryENeF81s7aB9QyB.iqcjr5cEd/f3t8GBPEiYpk7fqSyj0yW', 'Prime Cabinet Secretary', 'active', NULL, NULL, '2025-10-18 20:05:49.446396', '2025-10-20 12:31:19.460478', 'https://www.president.go.ke/wp-content/uploads/Mudavadi.jpg'),
(4, 'Cabinet Secretariat', 'secretariat@cabinet.go.ke', '$2b$10$FFkp5ryENeF81s7aB9QyB.iqcjr5cEd/f3t8GBPEiYpk7fqSyj0yW', 'Cabinet Secretariat', 'active', NULL, NULL, '2025-10-18 20:05:49.456668', '2025-10-18 20:05:49.456668', NULL),
(5, 'Ms. Dorcas Agik Oduor SC, E.B.S., O.G.W.', 'info@attorneygeneral.go.ke', '$2b$10$FFkp5ryENeF81s7aB9QyB.iqcjr5cEd/f3t8GBPEiYpk7fqSyj0yW', 'Attorney General', 'active', NULL, NULL, '2025-10-18 20:05:49.488775', '2025-10-20 12:42:29.434883', 'https://www.president.go.ke/wp-content/uploads/oduor-dorcas-profile.jpg'),
(6, 'Onesimus Kipchumba Murkomen', 'murkomen@interior.go.ke', '$2b$10$FFkp5ryENeF81s7aB9QyB.iqcjr5cEd/f3t8GBPEiYpk7fqSyj0yW', 'Cabinet Secretary', 'active', NULL, NULL, '2025-10-18 20:05:49.499342', '2025-10-20 12:40:26.467802', 'https://www.president.go.ke/wp-content/uploads/Mukomen-1.jpg'),
(7, 'John Mbadi Ng''ongo, E.G.H.', 'ndungu@treasury.go.ke', '$2b$10$FFkp5ryENeF81s7aB9QyB.iqcjr5cEd/f3t8GBPEiYpk7fqSyj0yW', 'Cabinet Secretary', 'active', NULL, NULL, '2025-10-18 20:05:49.531267', '2025-10-20 12:36:46.187128', 'https://www.president.go.ke/wp-content/uploads/John-Mbadi.png'),
(9, 'Julius Migos Ogamba', 'migos@education.go.ke', '$2b$10$FFkp5ryENeF81s7aB9QyB.iqcjr5cEd/f3t8GBPEiYpk7fqSyj0yW', 'Cabinet Secretary', 'active', NULL, NULL, '2025-10-18 20:05:49.573707', '2025-10-20 12:33:34.473066', 'https://www.president.go.ke/wp-content/uploads/Julius-Migosi.png'),
(11, 'William Kabogo Gitau', 'owalo@ict.go.ke', '$2b$10$FFkp5ryENeF81s7aB9QyB.iqcjr5cEd/f3t8GBPEiYpk7fqSyj0yW', 'Cabinet Secretary', 'active', NULL, NULL, '2025-10-18 20:05:49.615597', '2025-10-20 12:39:37.601791', 'https://www.president.go.ke/wp-content/uploads/3-2.jpg'),
(12, 'Aden Duale, E.G.H.', 'duale@health.go.ke', '$2b$10$FFkp5ryENeF81s7aB9QyB.iqcjr5cEd/f3t8GBPEiYpk7fqSyj0yW', 'Cabinet Secretary', 'active', NULL, NULL, '2025-10-18 20:05:49.636794', '2025-10-20 12:30:40.715962', 'https://www.president.go.ke/wp-content/uploads/Aden-Duale.png'),
(13, 'Roselinda Soipan Tuya, E.G.H.', 'info@mod.go.ke', '$2b$10$FFkp5ryENeF81s7aB9QyB.iqcjr5cEd/f3t8GBPEiYpk7fqSyj0yW', 'Cabinet Secretary', 'active', NULL, NULL, '2025-10-18 20:05:49.657677', '2025-10-20 12:35:52.667974', 'https://www.president.go.ke/wp-content/uploads/Soipan-Tuya.jpg'),
(14, 'Lee Maiyani Kinyanjui', 'info@investment.go.ke', '$2b$10$FFkp5ryENeF81s7aB9QyB.iqcjr5cEd/f3t8GBPEiYpk7fqSyj0yW', 'Cabinet Secretary', 'active', NULL, NULL, '2025-10-18 20:05:49.689673', '2025-10-20 12:37:50.711031', 'https://www.president.go.ke/wp-content/uploads/1-2.jpg'),
(30, 'Wycliffe Ambetsa Oparanya, FCPA, E.G.H', 'info@cooperatives.go.ke', '$2b$10$YOEhXIqiJ1Bwdybw4YVVkugT9MyHFVXYIjUVi96et/Ep5zLZFhl3m', 'Cabinet Secretary', 'active', NULL, NULL, '2025-10-18 20:08:36.737185', '2025-10-20 12:36:22.982453', 'https://www.president.go.ke/wp-content/uploads/oparanya.png'),
(31, 'Davis Chirchir, E.G.H', 'info@transport.go.ke', '$2b$10$YOEhXIqiJ1Bwdybw4YVVkugT9MyHFVXYIjUVi96et/Ep5zLZFhl3m', 'Cabinet Secretary', 'active', NULL, NULL, '2025-10-18 20:08:36.73816', '2025-10-20 12:41:12.921993', 'https://www.president.go.ke/wp-content/uploads/Davis-Chirchir.png'),
(32, 'Alice Wahome, E.G.H.', 'info@lands.go.ke', '$2b$10$YOEhXIqiJ1Bwdybw4YVVkugT9MyHFVXYIjUVi96et/Ep5zLZFhl3m', 'Cabinet Secretary', 'active', NULL, NULL, '2025-10-18 20:08:36.738586', '2025-10-20 12:33:57.380222', 'https://www.president.go.ke/wp-content/uploads/alice-wahome.jpg'),
(33, 'Eric Muriithi Muuga', 'info@water.go.ke', '$2b$10$YOEhXIqiJ1Bwdybw4YVVkugT9MyHFVXYIjUVi96et/Ep5zLZFhl3m', 'Cabinet Secretary', 'active', NULL, NULL, '2025-10-18 20:08:36.738985', '2025-10-20 12:37:06.118724', 'https://www.president.go.ke/wp-content/uploads/Eric-Murithi.png'),
(34, 'James Opiyo Wandayi, E.G.H', 'info@energy.go.ke', '$2b$10$YOEhXIqiJ1Bwdybw4YVVkugT9MyHFVXYIjUVi96et/Ep5zLZFhl3m', 'Cabinet Secretary', 'active', NULL, NULL, '2025-10-18 20:08:36.739374', '2025-10-20 12:58:56.862519', 'https://www.president.go.ke/wp-content/uploads/Opiyo-Wandayi.png'),
(37, 'Salim Mvurya', 'info@youth.go.ke', '$2b$10$YOEhXIqiJ1Bwdybw4YVVkugT9MyHFVXYIjUVi96et/Ep5zLZFhl3m', 'Cabinet Secretary', 'active', NULL, NULL, '2025-10-18 20:08:36.740557', '2025-10-20 12:35:23.782763', 'https://www.president.go.ke/wp-content/uploads/Salim-Mvurya-1.jpg'),
(38, 'Dr. Alfred Mutua, E.G.H.', 'info@labour.go.ke', '$2b$10$YOEhXIqiJ1Bwdybw4YVVkugT9MyHFVXYIjUVi96et/Ep5zLZFhl3m', 'Cabinet Secretary', 'active', NULL, NULL, '2025-10-18 20:08:36.740955', '2025-10-20 12:34:05.434036', 'https://www.president.go.ke/wp-content/uploads/Alfred.jpg'),
(39, 'Hanna Wendot Cheptumo', 'info@gender.go.ke', '$2b$10$YOEhXIqiJ1Bwdybw4YVVkugT9MyHFVXYIjUVi96et/Ep5zLZFhl3m', 'Cabinet Secretary', 'active', NULL, NULL, '2025-10-18 20:08:36.741324', '2025-10-20 12:41:54.857949', 'https://www.president.go.ke/wp-content/uploads/cheptumo.jpg'),
(40, 'Mutahi Kagwe E.G.H.', 'info@kilimo.go.ke', '$2b$10$YOEhXIqiJ1Bwdybw4YVVkugT9MyHFVXYIjUVi96et/Ep5zLZFhl3m', 'Cabinet Secretary', 'active', NULL, NULL, '2025-10-18 20:08:36.741717', '2025-10-20 12:38:52.479726', 'https://www.president.go.ke/wp-content/uploads/2-3.jpg'),
(41, 'Hassan Ali Joho, E.G.H', 'info@mining.go.ke', '$2b$10$YOEhXIqiJ1Bwdybw4YVVkugT9MyHFVXYIjUVi96et/Ep5zLZFhl3m', 'Cabinet Secretary', 'active', NULL, NULL, '2025-10-18 20:08:36.742089', '2025-10-20 12:34:22.465865', 'https://www.president.go.ke/wp-content/uploads/Joho.png'),
(42, 'Dr. Deborah Mulongo Barasa', 'info@environment.go.ke', '$2b$10$YOEhXIqiJ1Bwdybw4YVVkugT9MyHFVXYIjUVi96et/Ep5zLZFhl3m', 'Cabinet Secretary', 'active', NULL, NULL, '2025-10-18 20:08:36.742456', '2025-10-20 12:37:30.011469', 'https://www.president.go.ke/wp-content/uploads/DR-DEBORAH-MLONGO-BARASA-HEALTH-CS.jpg'),
(43, 'Rebecca Miano, E.G.H.', 'info@tourism.go.ke', '$2b$10$YOEhXIqiJ1Bwdybw4YVVkugT9MyHFVXYIjUVi96et/Ep5zLZFhl3m', 'Cabinet Secretary', 'active', NULL, NULL, '2025-10-18 20:08:36.742854', '2025-10-20 12:44:29.573523', 'https://www.president.go.ke/wp-content/uploads/Rebecca-Miano.jpg'),
(44, 'Ms. Beatrice Asukul Moe', 'info@eac.go.ke', '$2b$10$YOEhXIqiJ1Bwdybw4YVVkugT9MyHFVXYIjUVi96et/Ep5zLZFhl3m', 'Cabinet Secretary', 'active', NULL, NULL, '2025-10-18 20:08:36.743466', '2025-10-20 12:43:07.417741', 'https://www.president.go.ke/wp-content/uploads/Beatrice-Askul-Profile.jpg'),
(45, 'Dr. Raymond Omollo', 'omollo@interior.go.ke', '$2b$10$YOEhXIqiJ1Bwdybw4YVVkugT9MyHFVXYIjUVi96et/Ep5zLZFhl3m', 'Principal Secretary', 'inactive', NULL, NULL, '2025-10-18 20:08:36.743854', '2025-10-18 20:08:36.743854', NULL),
(46, 'Ms. Mary Muthoni Muriuki', 'muriuki@health.go.ke', '$2b$10$YOEhXIqiJ1Bwdybw4YVVkugT9MyHFVXYIjUVi96et/Ep5zLZFhl3m', 'Principal Secretary', 'inactive', NULL, NULL, '2025-10-18 20:08:36.744243', '2025-10-20 00:23:23.300223', NULL),
(47, 'Dr. Belio Kipsang', 'kipsang@education.go.ke', '$2b$10$YOEhXIqiJ1Bwdybw4YVVkugT9MyHFVXYIjUVi96et/Ep5zLZFhl3m', 'Principal Secretary', 'inactive', NULL, NULL, '2025-10-18 20:08:36.74462', '2025-10-22 12:02:20.446546', NULL),
(48, 'Mercy Kiiru Wanjau', 'director.cabinet@cabinet.go.ke', '$2b$10$YOEhXIqiJ1Bwdybw4YVVkugT9MyHFVXYIjUVi96et/Ep5zLZFhl3m', 'Director', 'active', NULL, NULL, '2025-10-18 20:08:36.74501', '2025-10-20 12:43:52.671176', 'https://www.president.go.ke/wp-content/uploads/Wanjau.jpg'),
(49, 'Assistant Director Cabinet', 'assistant.director@cabinet.go.ke', '$2b$10$YOEhXIqiJ1Bwdybw4YVVkugT9MyHFVXYIjUVi96et/Ep5zLZFhl3m', 'Assistant Director', 'pending', NULL, NULL, '2025-10-18 20:08:36.745376', '2025-10-18 20:08:36.745376', NULL),
(315, 'Geoffrey Kiringa Ruku', 'info@publicservice.go.ke', '$2b$10$vKI.NvWCI25vGY.Y4AsVaOeNCRNhhZUEmF2Mnae88Q8Jt1YabTV/i', 'Cabinet Secretary', 'active', NULL, NULL, '2025-10-20 12:45:08.725265', '2025-10-20 12:45:08.725265', 'https://www.president.go.ke/wp-content/uploads/RUKU.jpg')
ON CONFLICT (id) DO NOTHING;

-- 3. ALL MINISTRIES (without cluster_id to avoid foreign key issues)
INSERT INTO public.ministries (id, name, acronym, cabinet_secretary, headquarters, website, email, phone, status, created_at, updated_at) VALUES
(1, 'The Office of the Attorney-General and Department of Justice', 'AG', 5, 'Sheria House, Nairobi', 'https://www.statelaw.go.ke', 'info@attorneygeneral.go.ke', '+254-20-2222222', 'active', '2025-10-19 21:33:55.489689', '2025-10-19 21:33:55.489689'),
(2, 'Ministry of Interior and National Administration', 'Interior', 47, 'Harambee House, Nairobi', 'https://www.interior.go.ke', 'info@interior.go.ke', '+254-20-2227411', 'active', '2025-10-19 21:33:55.496057', '2025-10-19 21:33:55.496057'),
(3, 'Ministry of Foreign and Diaspora Affairs', 'Foreign Affairs', 3, 'Old Treasury Building, Nairobi', 'https://www.foreignaffairs.go.ke', 'info@foreignaffairs.go.ke', '+254-20-3318888', 'active', '2025-10-19 21:33:55.496996', '2025-10-19 21:33:55.496996'),
(4, 'Ministry of Defence', 'Defence', 13, 'Defence Headquarters, Nairobi', 'https://www.mod.go.ke', 'info@mod.go.ke', '+254-20-2726000', 'active', '2025-10-19 21:33:55.498105', '2025-10-19 21:33:55.498105'),
(5, 'Ministry of Public Service and Human Capital Development', 'Public Service', 315, 'NSSF Building, Nairobi', 'https://www.publicservice.go.ke', 'info@publicservice.go.ke', '+254-20-2227460', 'active', '2025-10-19 21:33:55.498915', '2025-10-19 21:33:55.498915'),
(6, 'The National Treasury and Economic Planning', 'Treasury', 7, 'Treasury Building, Nairobi', 'https://www.treasury.go.ke', 'info@treasury.go.ke', '+254-20-2252300', 'active', '2025-10-19 21:33:55.499877', '2025-10-19 21:33:55.499877'),
(7, 'Ministry of Information, Communication and the Digital Economy', 'ICT', 11, 'Telposta Towers, Nairobi', 'https://www.ict.go.ke', 'info@ict.go.ke', '+254-20-2089061', 'active', '2025-10-19 21:33:55.500731', '2025-10-19 21:33:55.500731'),
(8, 'Ministry of Investment, Trade and Industry', 'Investment', 14, 'Co-operative Bank House, Nairobi', 'https://www.investment.go.ke', 'info@investment.go.ke', '+254-20-3318888', 'active', '2025-10-19 21:33:55.501734', '2025-10-19 21:33:55.501734'),
(9, 'Ministry of Cooperatives and MSME Development', 'Cooperatives', 30, 'Co-operative Bank House, Nairobi', 'https://www.cooperatives.go.ke', 'info@cooperatives.go.ke', '+254-20-2712801', 'active', '2025-10-19 21:33:55.502579', '2025-10-19 21:33:55.502579'),
(10, 'Ministry of Roads and Transport', 'Transport', 31, 'Transcom House, Nairobi', 'https://www.transport.go.ke', 'info@transport.go.ke', '+254-20-2729200', 'active', '2025-10-19 21:33:55.50338', '2025-10-19 21:33:55.50338'),
(11, 'Ministry of Lands, Housing and Urban Development', 'Lands', 32, 'Ardhi House, Nairobi', 'https://www.lands.go.ke', 'info@lands.go.ke', '+254-20-2718050', 'active', '2025-10-19 21:33:55.504139', '2025-10-19 21:33:55.504139'),
(12, 'Ministry of Water, Sanitation and Irrigation', 'Water', 33, 'Majestic House, Nairobi', 'https://www.water.go.ke', 'info@water.go.ke', '+254-20-2716103', 'active', '2025-10-19 21:33:55.50499', '2025-10-19 21:33:55.50499'),
(13, 'Ministry of Energy and Petroleum', 'Energy', 34, 'Nyayo House, Nairobi', 'https://www.energy.go.ke', 'info@energy.go.ke', '+254-20-3101120', 'active', '2025-10-19 21:33:55.506868', '2025-10-19 21:33:55.506868'),
(14, 'Ministry of Health', 'Health', 12, 'Afya House, Nairobi', 'https://www.health.go.ke', 'info@health.go.ke', '+254-20-2717077', 'active', '2025-10-19 21:33:55.508204', '2025-10-19 21:33:55.508204'),
(15, 'Ministry of Education', 'Education', 9, 'Jogoo House, Nairobi', 'https://www.education.go.ke', 'info@education.go.ke', '+254-20-3318581', 'active', '2025-10-19 21:33:55.508993', '2025-10-19 21:33:55.508993'),
(16, 'Ministry of Youth Affairs, Creative Economy and Sports', 'Youth', 37, 'Kencom House, Nairobi', 'https://www.youth.go.ke', 'info@youth.go.ke', '+254-20-2210941', 'active', '2025-10-19 21:33:55.509741', '2025-10-19 21:33:55.509741'),
(17, 'Ministry of Labour and Social Protection', 'Labour', 38, 'Social Security House, Nairobi', 'https://www.labour.go.ke', 'info@labour.go.ke', '+254-20-2729800', 'active', '2025-10-19 21:33:55.51054', '2025-10-19 21:33:55.51054'),
(18, 'Ministry of Gender, Culture, The Arts and Heritage', 'Gender', 39, 'National Museums of Kenya, Nairobi', 'https://www.gender.go.ke', 'info@gender.go.ke', '+254-20-3742161', 'active', '2025-10-19 21:33:55.511297', '2025-10-19 21:33:55.511297'),
(19, 'Ministry of Agriculture and Livestock Development', 'Agriculture', 40, 'Kilimo House, Nairobi', 'https://www.agriculture.go.ke', 'info@kilimo.go.ke', '+254-20-2718870', 'active', '2025-10-19 21:33:55.512094', '2025-10-19 21:33:55.512094'),
(20, 'Ministry of Mining, Blue Economy and Maritime Affairs', 'Mining', 41, 'Ministry of Mining, Nairobi', 'https://www.mining.go.ke', 'info@mining.go.ke', '+254-20-2723101', 'active', '2025-10-19 21:33:55.51297', '2025-10-19 21:33:55.51297'),
(21, 'Ministry of Environment, Climate Change and Forestry', 'Environment', 42, 'NHIF Building, Nairobi', 'https://www.environment.go.ke', 'info@environment.go.ke', '+254-20-2731571', 'active', '2025-10-19 21:33:55.513916', '2025-10-19 21:33:55.513916'),
(22, 'Ministry of Tourism and Wildlife', 'Tourism', 43, 'Utalii House, Nairobi', 'https://www.tourism.go.ke', 'info@tourism.go.ke', '+254-20-2711322', 'active', '2025-10-19 21:33:55.516868', '2025-10-19 21:33:55.516868'),
(23, 'Ministry of East African Community, ASALs and Regional Development', 'EAC', 44, 'Jogoo House, Nairobi', 'https://www.eac.go.ke', 'info@eac.go.ke', '+254-20-3318888', 'active', '2025-10-19 21:33:55.519198', '2025-10-19 21:33:55.519198')
ON CONFLICT (id) DO NOTHING;

-- 4. ALL STATE DEPARTMENTS
INSERT INTO public.state_departments (id, ministry_id, name, principal_secretary, location, website, email, phone, status, created_at, updated_at, ps) VALUES
(1, 2, 'State Department for Internal Security and National Administration', NULL, 'Harambee House, Nairobi', 'interior.go.ke', 'psinternalsecurity@interior.go.ke', '+254-20-2227411', 'active', '2025-10-19 21:57:30.974401', '2025-10-19 21:57:30.974401', 'Dr. Raymond Omollo'),
(2, 2, 'State Department for Correctional Services', NULL, 'Harambee House, Nairobi', 'interior.go.ke', 'pscorrectional@interior.go.ke', '+254-20-2227412', 'active', '2025-10-19 21:57:30.980007', '2025-10-19 21:57:30.980007', 'Ms. Salome Wairimu Muhia-Beacco'),
(3, 2, 'State Department for Immigration and Citizen Services', NULL, 'Nyayo House, Nairobi', 'immigration.go.ke', 'psimmigration@immigration.go.ke', '+254-20-2222021', 'active', '2025-10-19 21:57:30.980841', '2025-10-19 21:57:30.980841', 'Prof. Julius Bitok'),
(4, 14, 'State Department for Medical Services', NULL, 'Afya House, Nairobi', 'health.go.ke', 'psmedicalservices@health.go.ke', '+254-20-2717077', 'active', '2025-10-19 21:57:30.982081', '2025-10-19 21:57:30.982081', 'Ms. Mary Muthoni Muriuki'),
(5, 14, 'State Department for Public Health and Professional Standards', NULL, 'Afya House, Nairobi', 'health.go.ke', 'pspublichealth@health.go.ke', '+254-20-2717078', 'active', '2025-10-19 21:57:30.982846', '2025-10-19 21:57:30.982846', 'Dr. Mary Muthoni Muriuki'),
(6, 15, 'State Department for Basic Education', NULL, 'Jogoo House, Nairobi', 'education.go.ke', 'psbasiceducation@education.go.ke', '+254-20-3318581', 'active', '2025-10-19 21:57:30.98369', '2025-10-19 21:57:30.98369', 'Dr. Belio Kipsang'),
(7, 15, 'State Department for Technical, Vocational Education & Training', NULL, 'Jogoo House, Nairobi', 'education.go.ke', 'pstvet@education.go.ke', '+254-20-3318582', 'active', '2025-10-19 21:57:30.984505', '2025-10-19 21:57:30.984505', 'Dr. Esther Mworia'),
(8, 15, 'State Department for Higher Education and Research', NULL, 'Jogoo House, Nairobi', 'education.go.ke', 'pshighereducation@education.go.ke', '+254-20-3318583', 'active', '2025-10-19 21:57:30.985238', '2025-10-19 21:57:30.985238', 'Dr. Beatrice Inyangala'),
(9, 6, 'State Department for National Treasury', NULL, 'Treasury Building, Nairobi', 'treasury.go.ke', 'ps@treasury.go.ke', '+254-20-2252300', 'active', '2025-10-19 21:57:30.985927', '2025-10-19 21:57:30.985927', 'Dr. Chris Kiptoo'),
(10, 6, 'State Department for Economic Planning', NULL, 'Treasury Building, Nairobi', 'treasury.go.ke', 'planning@treasury.go.ke', '+254-20-2252301', 'active', '2025-10-19 21:57:30.986535', '2025-10-19 21:57:30.986535', 'Mr. James Muhati'),
(11, 10, 'State Department for Roads', NULL, 'Transcom House, Nairobi', 'transport.go.ke', 'psroads@transport.go.ke', '+254-20-2729200', 'active', '2025-10-19 21:57:30.987168', '2025-10-19 21:57:30.987168', 'Eng. Joseph M. Mbugua'),
(12, 10, 'State Department for Transport', NULL, 'Transcom House, Nairobi', 'transport.go.ke', 'pstransport@transport.go.ke', '+254-20-2729300', 'active', '2025-10-19 21:57:30.987914', '2025-10-19 21:57:30.987914', 'Mr. Mohamed Daghar'),
(13, 11, 'State Department for Lands and Physical Planning', NULL, 'Ardhi House, Nairobi', 'lands.go.ke', 'pslands@lands.go.ke', '+254-20-2718050', 'active', '2025-10-19 21:57:30.988632', '2025-10-19 21:57:30.988632', 'Mr. Nixon Korir'),
(14, 11, 'State Department for Housing and Urban Development', NULL, 'Ardhi House, Nairobi', 'lands.go.ke', 'pshousing@lands.go.ke', '+254-20-2718051', 'active', '2025-10-19 21:57:30.98928', '2025-10-19 21:57:30.98928', 'Mr. Charles Hinga Mwaura'),
(15, 11, 'State Department for Public Works', NULL, 'Ardhi House, Nairobi', 'publicworks.go.ke', 'pspublicworks@publicworks.go.ke', '+254-20-2718052', 'active', '2025-10-19 21:57:30.989885', '2025-10-19 21:57:30.989885', 'Prof. Joel K. M. Mburu'),
(16, 7, 'State Department for Broadcasting and Telecommunications', NULL, 'Telposta Towers, Nairobi', 'ict.go.ke', 'psbroadcasting@ict.go.ke', '+254-20-2089061', 'active', '2025-10-19 21:57:30.990539', '2025-10-19 21:57:30.990539', 'Prof. Edward Kisiang''ani'),
(17, 7, 'State Department for ICT and the Digital Economy', NULL, 'Telposta Towers, Nairobi', 'ict.go.ke', 'psict@ict.go.ke', '+254-20-2089062', 'active', '2025-10-19 21:57:30.991308', '2025-10-19 21:57:30.991308', 'Eng. John Tanui'),
(18, 19, 'State Department for Agriculture', NULL, 'Kilimo House, Nairobi', 'kilimo.go.ke', 'psagriculture@kilimo.go.ke', '+254-20-2718870', 'active', '2025-10-19 21:57:30.99196', '2025-10-19 21:57:30.99196', 'Dr. Paul Ronoh'),
(19, 19, 'State Department for Livestock Development', NULL, 'Kilimo House, Nairobi', 'kilimo.go.ke', 'pslivestock@kilimo.go.ke', '+254-20-2718871', 'active', '2025-10-19 21:57:30.992641', '2025-10-19 21:57:30.992641', 'Mr. Jonathan Mueke'),
(20, 8, 'State Department for Investment Promotion', NULL, 'Co-operative Bank House, Nairobi', 'investment.go.ke', 'psinvestment@investment.go.ke', '+254-20-3318889', 'active', '2025-10-19 21:57:30.993403', '2025-10-19 21:57:30.993403', 'Mr. Abubakar Hassan'),
(21, 8, 'State Department for Trade', NULL, 'Co-operative Bank House, Nairobi', 'trade.go.ke', 'pstrade@trade.go.ke', '+254-20-3318890', 'active', '2025-10-19 21:57:30.994368', '2025-10-19 21:57:30.994368', 'Mr. Alfred K''Ombudo'),
(22, 8, 'State Department for Industry', NULL, 'Co-operative Bank House, Nairobi', 'trade.go.ke', 'psindustry@trade.go.ke', '+254-20-3318891', 'active', '2025-10-19 21:57:30.99533', '2025-10-19 21:57:30.99533', 'Dr. Juma Mukhwana'),
(23, 9, 'State Department for Cooperatives', NULL, 'Co-operative Bank House, Nairobi', 'cooperatives.go.ke', 'pscooperatives@cooperatives.go.ke', '+254-20-2712801', 'active', '2025-10-19 21:57:30.996096', '2025-10-19 21:57:30.996096', 'Mr. Patrick Kilemi'),
(24, 9, 'State Department for MSME Development', NULL, 'Co-operative Bank House, Nairobi', 'cooperatives.go.ke', 'psmsme@cooperatives.go.ke', '+254-20-2712802', 'active', '2025-10-19 21:57:30.996712', '2025-10-19 21:57:30.996712', 'Ms. Susan Mang''eni'),
(25, 16, 'State Department for Youth Affairs and Creative Economy', NULL, 'Kencom House, Nairobi', 'youth.go.ke', 'psyouth@youth.go.ke', '+254-20-2210941', 'active', '2025-10-19 21:57:30.997356', '2025-10-19 21:57:30.997356', 'Mr. Ismail Maalim Madey'),
(26, 16, 'State Department for Sports', NULL, 'Kencom House, Nairobi', 'youth.go.ke', 'pssports@youth.go.ke', '+254-20-2210942', 'active', '2025-10-19 21:57:30.997981', '2025-10-19 21:57:30.997981', 'Eng. Peter Tum'),
(27, 21, 'State Department for Environment and Climate Change', NULL, 'NHIF Building, Nairobi', 'environment.go.ke', 'psenvironment@environment.go.ke', '+254-20-2731571', 'active', '2025-10-19 21:57:30.998582', '2025-10-19 21:57:30.998582', 'Eng. Festus Ngeno'),
(28, 21, 'State Department for Forestry', NULL, 'NHIF Building, Nairobi', 'environment.go.ke', 'psforestry@environment.go.ke', '+254-20-2731572', 'active', '2025-10-19 21:57:30.999231', '2025-10-19 21:57:30.999231', 'Mr. Gitonga Mugambi'),
(29, 22, 'State Department for Tourism', NULL, 'Utalii House, Nairobi', 'tourism.go.ke', 'pstourism@tourism.go.ke', '+254-20-2711322', 'active', '2025-10-19 21:57:30.99988', '2025-10-19 21:57:30.99988', 'Mr. John Ololtuaa'),
(30, 22, 'State Department for Wildlife', NULL, 'Utalii House, Nairobi', 'tourism.go.ke', 'pswildlife@tourism.go.ke', '+254-20-2711323', 'active', '2025-10-19 21:57:31.000515', '2025-10-19 21:57:31.000515', 'Ms. Silvia Museiya Kihoro'),
(31, 12, 'State Department for Water and Sanitation', NULL, 'Majestic House, Nairobi', 'water.go.ke', 'pswater@water.go.ke', '+254-20-2716103', 'active', '2025-10-19 21:57:31.001145', '2025-10-19 21:57:31.001145', 'Dr. Julius Korir'),
(32, 12, 'State Department for Irrigation', NULL, 'Majestic House, Nairobi', 'water.go.ke', 'psirrigation@water.go.ke', '+254-20-2716104', 'active', '2025-10-19 21:57:31.001808', '2025-10-19 21:57:31.001808', 'Eng. Ephantus Kimani'),
(33, 13, 'State Department for Energy', NULL, 'Nyayo House, Nairobi', 'energy.go.ke', 'psenergy@energy.go.ke', '+254-20-3101120', 'active', '2025-10-19 21:57:31.002471', '2025-10-19 21:57:31.002471', 'Mr. Alex Wachira'),
(34, 13, 'State Department for Petroleum', NULL, 'Nyayo House, Nairobi', 'energy.go.ke', 'pspetroleum@energy.go.ke', '+254-20-3101121', 'active', '2025-10-19 21:57:31.00311', '2025-10-19 21:57:31.00311', 'Mr. Mohamed Liban'),
(35, 23, 'State Department for East African Community', NULL, 'Jogoo House, Nairobi', 'eac.go.ke', 'pseac@eac.go.ke', '+254-20-3318888', 'active', '2025-10-19 21:57:31.003693', '2025-10-19 21:57:31.003693', 'Ms. Joyce Mose'),
(36, 23, 'State Department for ASALs and Regional Development', NULL, 'Jogoo House, Nairobi', 'devolution.go.ke', 'psasals@devolution.go.ke', '+254-20-3318889', 'active', '2025-10-19 21:57:31.004316', '2025-10-19 21:57:31.004316', 'Mr. Idris Dokota'),
(37, 20, 'State Department for Mining', NULL, 'Ministry of Mining, Nairobi', 'mining.go.ke', 'psmining@mining.go.ke', '+254-20-2723101', 'active', '2025-10-19 21:57:31.004963', '2025-10-19 21:57:31.004963', 'Mr. Elijah Mwangi'),
(38, 20, 'State Department for Blue Economy and Fisheries', NULL, 'Ministry of Mining, Nairobi', 'fisheries.go.ke', 'psblueeconomy@fisheries.go.ke', '+254-20-2723102', 'active', '2025-10-19 21:57:31.005624', '2025-10-19 21:57:31.005624', 'Dr. Francis Owino'),
(39, 20, 'State Department for Shipping and Maritime Affairs', NULL, 'Ministry of Mining, Nairobi', 'maritime.go.ke', 'psshipping@maritime.go.ke', '+254-20-2723103', 'active', '2025-10-19 21:57:31.007583', '2025-10-19 21:57:31.007583', 'Mr. Geoffrey Kaituko'),
(40, 17, 'State Department for Labour and Skills Development', NULL, 'Social Security House, Nairobi', 'labour.go.ke', 'pslabour@labour.go.ke', '+254-20-2729800', 'active', '2025-10-19 21:57:31.008184', '2025-10-19 21:57:31.008184', 'Mr. Shadrack Mwadime'),
(41, 17, 'State Department for Social Protection and Senior Citizen Affairs', NULL, 'Social Security House, Nairobi', 'labour.go.ke', 'pssocialprotection@labour.go.ke', '+254-20-2729801', 'active', '2025-10-19 21:57:31.008829', '2025-10-19 21:57:31.008829', 'Mr. Joseph Motari'),
(42, 5, 'State Department for Public Service', NULL, 'NSSF Building, Nairobi', 'publicservice.go.ke', 'pspublicservice@publicservice.go.ke', '+254-20-2227460', 'active', '2025-10-19 21:57:31.009519', '2025-10-19 21:57:31.009519', 'Mr. Amos Gathecha'),
(43, 5, 'State Department for Performance and Delivery Management', NULL, 'Harambee House Annex, Nairobi', 'publicservice.go.ke', 'psperformance@publicservice.go.ke', '+254-20-2227462', 'active', '2025-10-19 21:57:31.010281', '2025-10-19 21:57:31.010281', 'Ms. Veronica Nduva'),
(44, 18, 'State Department for Gender and Affirmative Action', NULL, 'NSSF Building, Nairobi', 'publicservice.go.ke', 'psgender@publicservice.go.ke', '+254-20-2227461', 'active', '2025-10-19 21:57:31.011072', '2025-10-19 21:57:31.011072', 'Ms. Veronica Nduva'),
(45, 18, 'State Department for Culture, the Arts and Heritage', NULL, 'National Museums of Kenya, Nairobi', 'culture.go.ke', 'psculture@culture.go.ke', '+254-20-3742161', 'active', '2025-10-19 21:57:31.011752', '2025-10-19 21:57:31.011752', 'Ms. Ummi Bashir'),
(46, 1, 'State Department for Justice', NULL, 'Sheria House, Nairobi', 'stateLawOffice.go.ke', 'psjustice@stateLawOffice.go.ke', '+254-20-2772000', 'active', '2025-10-19 21:57:31.012348', '2025-10-19 21:57:31.012348', 'Ms. Deborah K. Muthoni'),
(47, 3, 'State Department for Foreign Affairs', NULL, 'Ministry of Foreign Affairs, Nairobi', 'foreignaffairs.go.ke', 'ps@foreignaffairs.go.ke', '+254-20-3318888', 'active', '2025-10-19 21:57:31.012962', '2025-10-19 21:57:31.012962', 'Dr. Korir Sing''oei'),
(48, 3, 'State Department for Diaspora Affairs', NULL, 'Ministry of Foreign Affairs, Nairobi', 'foreignaffairs.go.ke', 'diaspora@foreignaffairs.go.ke', '+254-20-3318892', 'active', '2025-10-19 21:57:31.013531', '2025-10-19 21:57:31.013531', 'Ms. Roseline Njogu'),
(49, 4, 'State Department of Defence', NULL, 'Defence Headquarters, Nairobi', 'defence.go.ke', 'ps@defence.go.ke', '+254-20-2726000', 'active', '2025-10-19 21:57:31.0141', '2025-10-19 21:57:31.0141', 'Mr. Patrick Mariru')
ON CONFLICT (id) DO NOTHING;

-- 5. AGENCIES (Key ones)
INSERT INTO public.agencies (id, state_department_id, name, director_general, acronym, location, website, email, phone, status, created_at, updated_at) VALUES
(1, 3, 'Directorate of Immigration Services', 'Mr. Alexander K. Muteshi', 'DIS', 'Nyayo House, Nairobi', 'https://immigration.go.ke', 'info@immigration.go.ke', '+254-20-2222022', 'active', '2025-10-19 21:57:31.01507', '2025-10-19 21:57:31.01507'),
(2, 3, 'Department of Civil Registration Services', 'Ms. Jane Mwangi', 'CRS', 'Sheria House, Nairobi', 'https://crs.go.ke', 'info@crs.go.ke', '+254-20-2227416', 'active', '2025-10-19 21:57:31.01855', '2025-10-19 21:57:31.01855'),
(3, 3, 'Integrated Population Registration Services', 'Director', 'IPRS', 'Nairobi, Kenya', 'https://iprs.go.ke', 'info@iprs.go.ke', '+254-20-2227417', 'active', '2025-10-19 21:57:31.019248', '2025-10-19 21:57:31.019248'),
(4, 1, 'National Police Service', 'Inspector General of Police', 'NPS', 'Jogoo House, Nairobi', 'https://www.nationalpolice.go.ke', 'info@nationalpolice.go.ke', '+254-20-341411', 'active', '2025-10-19 21:57:31.019884', '2025-10-19 21:57:31.019884'),
(5, 1, 'Directorate of Criminal Investigations', 'Director of Criminal Investigations', 'DCI', 'Kiambu Road, Nairobi', 'https://www.dci.go.ke', 'info@dci.go.ke', '+254-20-334211', 'active', '2025-10-19 21:57:31.020564', '2025-10-19 21:57:31.020564'),
(6, 1, 'National Intelligence Service', 'Director General', 'NIS', 'NIS Headquarters, Nairobi', NULL, 'info@nis.go.ke', '+254-20-2214111', 'active', '2025-10-19 21:57:31.021289', '2025-10-19 21:57:31.021289'),
(7, 4, 'Kenya Medical Supplies Authority', 'Chief Executive Officer', 'KEMSA', 'Commercial Street, Nairobi', 'https://www.kemsa.co.ke', 'info@kemsa.co.ke', '+254-20-2722527', 'active', '2025-10-19 21:57:31.022021', '2025-10-19 21:57:31.022021'),
(8, 4, 'Kenyatta National Hospital', 'Dr. Evanson Kamuri', 'KNH', 'Nairobi', 'https://knh.or.ke', 'info@knh.or.ke', '+254-20-2726300', 'active', '2025-10-19 21:57:31.022605', '2025-10-19 21:57:31.022605'),
(9, 4, 'Moi Teaching and Referral Hospital', 'Dr. Wilson Aruasa', 'MTRH', 'Eldoret', 'https://mtrh.or.ke', 'info@mtrh.or.ke', '+254-53-2033471', 'active', '2025-10-19 21:57:31.023162', '2025-10-19 21:57:31.023162'),
(10, 5, 'Kenya Medical Practitioners and Dentists Council', 'Dr. Daniel Yumbya', 'KMPDC', 'Nairobi', 'https://kmpdc.go.ke', 'info@kmpdc.go.ke', '+254-20-2724888', 'active', '2025-10-19 21:57:31.023828', '2025-10-19 21:57:31.023828'),
(11, 5, 'Nursing Council of Kenya', 'Registrar', 'NCK', 'Nairobi', NULL, NULL, NULL, 'active', '2025-10-19 21:57:31.024573', '2025-10-19 21:57:31.024573'),
(12, 5, 'Pharmacy and Poisons Board', 'Registrar', 'PPB', 'Nairobi', NULL, NULL, NULL, 'active', '2025-10-19 21:57:31.025269', '2025-10-19 21:57:31.025269'),
(13, 9, 'Kenya Revenue Authority', 'Commissioner General', 'KRA', 'Times Tower, Nairobi', 'https://www.kra.go.ke', 'commissioner@kra.go.ke', '+254-20-2810000', 'active', '2025-10-19 21:57:31.025924', '2025-10-19 21:57:31.025924'),
(14, 9, 'Central Bank of Kenya', 'Governor', 'CBK', 'Haile Selassie Avenue, Nairobi', 'https://www.centralbank.go.ke', 'communications@centralbank.go.ke', '+254-20-2860000', 'active', '2025-10-19 21:57:31.026654', '2025-10-19 21:57:31.026654'),
(15, 9, 'Insurance Regulatory Authority', 'Godfrey Kiptum', 'IRA', 'Nairobi, Kenya', 'https://ira.go.ke', 'info@ira.go.ke', '+254-20-4996000', 'active', '2025-10-19 21:57:31.027336', '2025-10-19 21:57:31.027336'),
(16, 9, 'Kenya Deposit Insurance Corporation', 'Mohamed Ahmed', 'KDIC', 'Nairobi, Kenya', 'https://kdic.go.ke', 'info@kdic.go.ke', '+254-20-2218553', 'active', '2025-10-19 21:57:31.027947', '2025-10-19 21:57:31.027947'),
(17, 11, 'Kenya National Highways Authority', 'Director General', 'KeNHA', 'Blue Shield Towers, Nairobi', 'https://www.kenha.co.ke', 'dg@kenha.co.ke', '+254-20-2738000', 'active', '2025-10-19 21:57:31.028502', '2025-10-19 21:57:31.028502'),
(18, 11, 'Kenya Urban Roads Authority', 'Director General', 'KURA', 'IKM Place, Nairobi', 'https://www.kura.go.ke', 'info@kura.go.ke', '+254-20-2726028', 'active', '2025-10-19 21:57:31.029133', '2025-10-19 21:57:31.029133'),
(19, 11, 'Kenya Rural Roads Authority', 'Director General', 'KeRRA', 'Barabara Plaza, Nairobi', 'https://www.kerra.go.ke', 'info@kerra.go.ke', '+254-20-2723100', 'active', '2025-10-19 21:57:31.029707', '2025-10-19 21:57:31.029707'),
(20, 12, 'Kenya Civil Aviation Authority', 'Emile Nguza Arao', 'KCAA', 'Nairobi, Kenya', 'https://kcaa.or.ke', 'info@kcaa.or.ke', '+254-20-827470', 'active', '2025-10-19 21:57:31.030272', '2025-10-19 21:57:31.030272'),
(21, 12, 'Kenya Ports Authority', 'Managing Director', 'KPA', 'Mombasa', 'https://www.kpa.co.ke', 'info@kpa.co.ke', '+254-41-2110999', 'active', '2025-10-19 21:57:31.030894', '2025-10-19 21:57:31.030894'),
(22, 12, 'Kenya Railways Corporation', 'Managing Director', 'KRC', 'Haile Selassie Avenue, Nairobi', 'https://www.krc.co.ke', 'info@krc.co.ke', '+254-20-2219011', 'active', '2025-10-19 21:57:31.031637', '2025-10-19 21:57:31.031637'),
(23, 17, 'Kenya ICT Authority', 'Director General', 'ICTA', 'Telposta Towers, Nairobi', 'https://www.icta.go.ke', 'info@icta.go.ke', '+254-20-2211960', 'active', '2025-10-19 21:57:31.032412', '2025-10-19 21:57:31.032412'),
(24, 17, 'Konza Technopolis Development Authority', 'Chief Executive Officer', 'KoTDA', 'Konza City, Machakos', 'https://www.konza.go.ke', 'info@konza.go.ke', '+254-20-2106000', 'active', '2025-10-19 21:57:31.033128', '2025-10-19 21:57:31.033128'),
(25, 18, 'Agriculture and Food Authority', 'Director General', 'AFA', 'Kilimo House, Nairobi', 'https://www.afa.go.ke', 'info@afa.go.ke', '+254-20-2718870', 'active', '2025-10-19 21:57:31.033751', '2025-10-19 21:57:31.033751'),
(26, 18, 'Kenya Agricultural and Livestock Research Organization', 'Director General', 'KALRO', 'Kaptagat Road, Nairobi', 'https://www.kalro.org', 'info@kalro.org', '+254-20-3560555', 'active', '2025-10-19 21:57:31.034407', '2025-10-19 21:57:31.034407'),
(27, 18, 'National Cereals and Produce Board', 'Joseph Kimote', 'NCPB', 'Nairobi, Kenya', 'https://ncpb.co.ke', 'info@ncpb.co.ke', '+254-20-3933000', 'active', '2025-10-19 21:57:31.035014', '2025-10-19 21:57:31.035014'),
(28, 19, 'Kenya Veterinary Board', 'Registrar', 'KVB', 'Veterinary Research Labs, Nairobi', 'https://www.kvb.go.ke', 'info@kvb.go.ke', '+254-20-3533169', 'active', '2025-10-19 21:57:31.035578', '2025-10-19 21:57:31.035578'),
(29, 19, 'Kenya Meat Commission', 'Managing Commissioner', 'KMC', 'Athi River, Machakos', 'https://www.kmc.co.ke', 'info@kmc.co.ke', '+254-45-6622001', 'active', '2025-10-19 21:57:31.036205', '2025-10-19 21:57:31.036205'),
(30, 8, 'Higher Education Loans Board', 'Charles Ringera', 'HELB', 'Anniversary Towers, Nairobi', 'https://www.helb.co.ke', 'contactcentre@helb.co.ke', '+254711052000', 'active', '2025-10-19 21:57:31.036851', '2025-10-19 21:57:31.036851'),
(31, 8, 'Commission for University Education', 'Commission Secretary', 'CUE', 'Redhill Road, Nairobi', 'https://www.cue.or.ke', 'info@cue.or.ke', '+254-20-7205000', 'active', '2025-10-19 21:57:31.037533', '2025-10-19 21:57:31.037533'),
(32, 6, 'Teachers Service Commission', 'Chief Executive Officer', 'TSC', 'Upper Hill, Nairobi', 'https://www.tsc.go.ke', 'info@tsc.go.ke', '+254-20-2892000', 'active', '2025-10-19 21:57:31.038229', '2025-10-19 21:57:31.038229'),
(33, 6, 'Kenya National Examinations Council', 'Dr. David Njengere', 'KNEC', 'Nairobi, Kenya', 'https://knec.ac.ke', 'info@knec.ac.ke', '+254-20-2713874', 'active', '2025-10-19 21:57:31.038825', '2025-10-19 21:57:31.038825')
ON CONFLICT (id) DO NOTHING;
